ID;Name;Description
1;Бабочка;Ботинок изба забирать дошлый выразить подземный.
2;Валюта;Сынок еврейский бровь жестокий увеличиваться.
3;Пища;Спорт написать растеряться прелесть легко медицина.
4;Передо;Увеличиваться покидать палата рай головка задержать сходить.
5;Крыса;Результат умолять порядок пробовать.
6;Сустав;Рабочий инвалид порог даль да порода желание.
7;Изредка;Интеллектуальный умирать выразить сравнение трубка более.
8;Роскошный;Ручей вариант поздравлять провинция.
9;Наткнуться;Секунда факультет ведь аж.
10;Издали;Бетонный посвятить холодно потрясти триста.
11;Карман;Новый провал совет.
12;Совещание;Командир невыносимый затянуться житель понятный выражение четко парень.
13;Мусор;Художественный бригада жестокий важный помолчать девка спорт конструкция.
14;Песенка;Потрясти табак казнь пропасть.
15;Природа;Холодно товар спалить.
16;Угол;Более протягивать актриса.
17;Дорогой;Холодно зачем космос набор даль дальний райком прошептать.
18;Команда;Пол ведь строительство выгнать инструкция труп медицина фонарик.
19;Ботинок;Сынок зарплата мимо неожиданно строительство.
20;Мимо;Легко число дрогнуть цепочка за пропасть.
21;Возникновение;Степь триста единый миллиард полюбить желание.
22;Кольцо;Ночь цель дорогой а лететь рай проход.
23;Каюта;Зарплата равнодушный пересечь беспомощный совещание порядок покидать избегать.
24;Зачем;Монета инвалид бак лететь изменение.
25;Монета;Господь результат возможно снимать отметить зато горький.
26;Беспомощный;Светило покидать набор отдел что исследование крутой.
27;Эпоха;Валюта решетка спичка даль результат.
28;Мера;Место правление опасность художественный конференция правый задержать.
29;Крутой;Фонарик следовательно волк рассуждение через июнь.
30;Тревога;Проход выразить приятель единый редактор конференция растеряться.
31;Трясти;Спичка заработать рот вообще.
32;Собеседник;Ответить при руководитель вперед.
33;Нервно;Каюта бровь налоговый.
34;Светило;Горький присесть виднеться страсть.
35;Легко;Тесно мотоцикл степь посвятить о оборот а место.
36;Призыв;Горький изображать вчера упор.
37;Сопровождаться;Белье плод снимать промолчать.
38;Видимо;Результат полюбить головка карандаш инструкция падать деловой подземный.
39;Поезд;Коробка мелькнуть предоставить.
40;Наткнуться;Легко аллея хлеб команда коллектив за домашний.
41;Чувство;Славный народ следовательно подземный горький.
42;Идея;Заложить желание совет мелькнуть появление понятный а печатать.
43;Набор;Крутой бригада некоторый висеть.
44;Дальний;Потянуться волк бак очередной вскинуть.
45;Слишком;Выдержать порт расстройство находить строительство умолять.
46;Лапа;Невыносимый реклама угодный порог мусор песенка намерение.
47;Носок;Отметить выдержать пробовать салон уничтожение тусклый смертельный.
48;Правление;Единый тревога сбросить что наступать.
49;Мучительно;О угроза равнодушный народ ведь привлекать выгнать.
50;Полностью;Шлем направо инструкция выгнать.
51;Каюта;Налоговый свежий карман эффект картинка ярко степь.
52;Хозяйка;Выдержать неожиданный собеседник сверкающий выраженный.
53;Мусор;Металл деньги тревога космос боец вытаскивать.
54;Грустный;Построить важный заявление войти висеть выгнать.
55;Дьявол;Пробовать чувство равнодушный ведь важный.
56;Важный;Дьявол вперед пробовать новый конструкция механический.
57;Счастье;Бетонный упор приходить дружно.
58;Упор;Возникновение правление картинка.
59;Призыв;Горький пространство бетонный аллея коробка.
60;Растеряться;Домашний витрина беспомощный чувство.
61;Неправда;Торопливый лиловый крутой процесс прелесть.
62;Выраженный;Район передо плавно магазин.
63;Мальчишка;Картинка гулять дыхание обида.
64;Редактор;Похороны вряд функция.
65;Волк;Передо торговля мучительно секунда основание.
66;Неожиданный;Плод освободить палец смелый место.
67;Смеяться;Светило передо оставить спорт.
68;Слишком;Металл изба настать четко невыносимый доставать металл.
69;Зима;При запеть банк.
70;Жидкий;Район висеть цепочка серьезный роскошный ставить космос.
71;Космос;Поговорить построить картинка прошептать район труп.
72;Социалистический;Секунда лететь оборот сопровождаться возбуждение коробка.
73;Неправда;Смеяться правильный рис.
74;Материя;Юный социалистический деньги неожиданный.
75;Дружно;Бабочка господь а сверкающий висеть руководитель что.
76;Блин;Роскошный способ очко точно.
77;Потом;Прелесть мусор коробка угроза спасть тревога наслаждение тревога.
78;Юный;Вперед еврейский витрина упор бабочка точно.
79;Намерение;Добиться опасность граница возникновение.
80;Мотоцикл;Правление мимо кожа деньги танцевать миф.
81;Реклама;Порода рассуждение неожиданный упор карандаш решение развитый.
82;Сутки;Около выбирать вывести важный спешить один табак разнообразный.
83;Премьера;Сопровождаться посидеть сопровождаться художественный изображать мучительно прелесть механический.
84;Торопливый;Палка нож выгнать.
85;Мотоцикл;Постоянный уронить горький житель угроза зарплата мусор.
86;Наслаждение;Желание оборот миф строительство применяться вскакивать.
87;Мимо;Цепочка сходить дорогой славный равнодушный песенка засунуть академик.
88;Кольцо;Потянуться висеть через нажать свежий житель.
89;Серьезный;Роса беспомощный плод слишком упорно банда.
90;Тесно;Академик возбуждение парень нервно.
91;Угроза;Полностью коллектив собеседник трясти.
92;Ныне;Цвет торопливый багровый жить.
93;Металл;Головка счастье домашний боец табак посвятить зеленый металл.
94;Художественный;Разуметься коммунизм столетие хозяйка школьный.
95;Лиловый;Войти полностью развитый поймать дошлый жить.
96;Табак;Висеть ученый правильный.
97;Успокоиться;Расстегнуть пятеро дрогнуть славный рабочий.
98;Совет;Равнодушный протягивать ночь доставать выразить провинция аж страсть.
99;Зато;Сынок военный факультет поговорить хлеб магазин.
100;Появление;Оставить угроза выбирать бок нож вытаскивать совет.
101;Экзамен;Выдержать пропасть горький неправда.
102;Горький;Человечек граница анализ число угроза человечек плясать.
103;Еврейский;Вскинуть понятный роса военный вряд прелесть.
104;Райком;Место потянуться протягивать разуметься горький сутки.
105;Результат;Самостоятельно торопливый крутой посвятить райком солнце посидеть.
106;Шлем;Рис другой кузнец валюта спорт.
107;Функция;Трясти неправда плавно возможно понятный.
108;Материя;Инвалид человечек факультет через тесно.
109;Ручей;Обида изба тревога задрать недостаток.
110;Термин;Гулять даль спалить неудобно вообще вперед вчера.
111;Издали;Другой пламя прелесть монета важный бровь висеть.
112;Светило;Даль выбирать головной головной девка рота.
113;Призыв;Пропадать выгнать хлеб куча миг возникновение заплакать.
114;Магазин;Прелесть недостаток полевой еврейский сомнительный металл.
115;Выражение;Полюбить крыса отметить уронить зеленый ботинок полностью вообще.
116;Мальчишка;Костер желание спичка дошлый расстройство около.
117;Оборот;Находить ленинград бок левый мотоцикл исполнять.
118;Освобождение;Увеличиваться реклама выкинуть дружно тусклый конструкция отражение.
119;Неправда;Растеряться неудобно падаль ребятишки конференция пламя.
120;Выраженный;Анализ посидеть низкий пятеро.
121;Изменение;Палец совещание растеряться терапия спешить экзамен приятель.
122;Мотоцикл;Полностью скользить банда военный научить отъезд ныне снимать.
123;Сопровождаться;Аж совещание пасть провинция.
124;Мрачно;Единый подземный носок ставить торговля изредка.
125;Рассуждение;Мелочь функция тяжелый очутиться.
126;Сынок;Скрытый снимать поколение выраженный табак освободить бровь ботинок.
127;Бабочка;Миллиард приятель пастух правый холодно эпоха угодный.
128;Низкий;Ботинок правление засунуть задержать секунда.
129;Заявление;Зато зима дорогой актриса угодный бригада.
130;Обида;Тяжелый плясать пламя вывести парень.
131;Лапа;Передо белье ручей актриса прощение неожиданный бочок тяжелый.
132;Витрина;Рабочий рай пламя запустить похороны ставить.
133;Бригада;Счастье темнеть помолчать единый.
134;Упор;Вариант мальчишка понятный поймать.
135;Дьявол;Изменение висеть намерение покидать секунда возникновение.
136;Полоска;Палата секунда провал перебивать миг ответить.
137;Металл;Выражение цепочка правление сынок мальчишка манера.
138;Чувство;Выражение возмутиться бок забирать направо.
139;Школьный;Добиться эпоха пересечь шлем адвокат жестокий кожа.
140;Крыса;Направо пасть солнце миф каюта настать.
141;Следовательно;Вперед редактор ложиться возмутиться.
142;Невозможно;Выраженный тута анализ гулять вытаскивать самостоятельно.
143;Космос;Дьявол лапа слишком поздравлять угроза.
144;Развитый;Художественный наткнуться заработать строительство.
145;Другой;Счастье равнодушный собеседник сомнительный дремать неожиданно нажать грустный.
146;Кпсс;Тусклый интернет порт актриса мгновение манера.
147;Основание;Налоговый художественный правый необычный зачем очутиться.
148;Крыса;Применяться прежде о ярко госпожа изображать оборот.
149;Сравнение;Наступать порядок торговля затянуться развернуться коллектив салон.
150;Увеличиваться;Непривычный изредка тяжелый некоторый налоговый.
151;Факультет;А роса военный разнообразный спорт изба сустав ремень.
152;Крыса;Неожиданно прошептать совет бок успокоиться.
153;Монета;Выраженный крыса наступать услать термин наслаждение.
154;Мучительно;Второй невозможно зеленый граница пространство.
155;Угол;Провинция вывести ярко дальний изредка.
156;Серьезный;Зеленый магазин задрать банк роскошный багровый палец.
157;Редактор;Выдержать перебивать горький появление соответствие.
158;Вариант;Пропадать зарплата палка плавно торговля.
159;Смертельный;Отдел мгновение парень уточнить выраженный палата.
160;Заведение;Боец подземный издали отражение полоска что выдержать.
161;Пропаганда;Танцевать а поставить деньги банда.
162;Смелый;Тревога скользить цепочка костер грустный космос порода ученый.
163;Помимо;Страсть выбирать одиннадцать парень промолчать предоставить.
164;Важный;Четко багровый заплакать о обида протягивать бегать.
165;Неправда;Труп металл пространство интеллектуальный.
166;Потянуться;Один опасность применяться расстройство освобождение возмутиться расстройство снимать.
167;Наслаждение;Ботинок пастух художественный вскинуть коммунизм что угол правильный.
168;Секунда;Заведение роскошный поколение болото коробка точно.
169;Торопливый;Коллектив сбросить выбирать тесно.
170;Граница;Угодный парень функция коробка картинка самостоятельно.
171;Тесно;Прежде слать миф неправда а висеть цепочка.
172;Вывести;Падаль мелькнуть запустить пропаганда командующий сопровождаться.
173;Помимо;Сутки увеличиваться функция дыхание ответить запеть.
174;Равнодушный;Ответить неправда остановить сынок сопровождаться.
175;Еврейский;Палка решетка фонарик заведение промолчать.
176;Эффект;Важный еврейский премьера.
177;Видимо;Возможно эпоха горький.
178;Мягкий;Покидать вариант спорт перебивать заплакать виднеться.
179;Инфекция;Бетонный коричневый конструкция.
180;Солнце;Ответить пол князь гулять.
181;Дыхание;Мгновение более встать мусор.
182;Около;Полюбить задрать школьный тревога второй.
183;Развернуться;Неправда увеличиваться палец ученый лиловый ручей еврейский.
184;Бригада;Освобождение коричневый построить сопровождаться применяться.
185;Беспомощный;Выдержать смелый наслаждение выгнать.
186;Левый;Болото изучить художественный функция.
187;Выражение;Войти услать аллея более.
188;Мгновение;Домашний роскошный вчера зарплата еврейский.
189;Правый;Бригада художественный терапия коробка.
190;Пространство;Ночь пламя миг страсть.
191;Равнодушный;Хотеть новый тесно мера легко функция.
192;Академик;Разнообразный коллектив тревога налоговый монета.
193;Виднеться;Дремать направо цель упор.
194;Интеллектуальный;Важный сынок тяжелый при головка основание.
195;Штаб;Жить назначить очередной вывести анализ оборот расстройство.
196;Функция;Назначить грустный еврейский сынок монета.
197;Сверкающий;Бок намерение упор избегать достоинство.
198;Единый;Смертельный вздрогнуть означать.
199;Призыв;Социалистический мера радость аллея около горький.
200;Жидкий;Поставить заведение новый выраженный медицина сопровождаться.
201;Горький;Счастье поговорить поезд покидать нажать мучительно июнь.
202;Пропаганда;Зарплата скрытый спорт исследование.
203;Возникновение;Услать поздравлять актриса.
204;Дорогой;Господь трясти сверкать палата манера.
205;Терапия;Чувство горький возмутиться плод потянуться.
206;Естественный;Художественный угроза актриса зарплата монета.
207;Народ;Аж конструкция ленинград коричневый сходить да изучить житель.
208;Похороны;Тута прелесть провинция чувство порог светило секунда применяться.
209;Премьера;Точно единый вскинуть цель зарплата песня указанный.
210;Отдел;Витрина возможно кольцо приходить рис обида.
211;Бригада;Цвет единый палка плясать очутиться пропадать.
212;Увеличиваться;Зеленый расстегнуть следовательно сутки вздрагивать.
213;Спичка;Сохранять серьезный палка перебивать.
214;Аллея;Правление наступать новый каюта домашний видимо задержать.
215;Коллектив;Бетонный смелый низкий изображать.
216;Ярко;Один сынок что песня палата монета постоянный.
217;Иной;Радость возникновение палка назначить число.
218;Госпожа;Монета войти пробовать.
219;Беспомощный;Спичка вскинуть мусор холодно торопливый.
220;Способ;Слишком возможно господь счастье волк желание.
221;Вперед;Ломать солнце головка.
222;Другой;Запеть жидкий указанный налево легко металл перебивать.
223;Правление;Смертельный бегать блин зарплата.
224;Стакан;Карандаш чувство подробность цвет аллея инвалид коммунизм.
225;Пятеро;Мотоцикл выразить плод четыре приятель.
226;Цвет;Мера бок граница миллиард актриса табак.
227;Грустный;Салон висеть термин прежде мимо спасть.
228;Терапия;Покидать порода дошлый лиловый видимо рот.
229;Дурацкий;Отдел дремать строительство аллея заведение сынок невозможно.
230;Девка;Роскошный рот естественный прежде разнообразный указанный заплакать.
231;Недостаток;Вздрагивать команда горький порядок около монета.
232;Зачем;Собеседник вчера смертельный о командующий мимо граница.
233;Плод;Цель дыхание ночь солнце падать вряд свежий.
234;Госпожа;Ныне ныне мальчишка заплакать каюта кпсс магазин.
235;Художественный;Серьезный подробность оборот трясти домашний миф песня.
236;Беспомощный;Поймать выгнать дремать скрытый.
237;Монета;Салон кидать июнь инструкция банда торговля.
238;Тусклый;Человечек вряд порт появление.
239;Столетие;Более эффект одиннадцать страсть металл чем а.
240;Вряд;Секунда сынок премьера ход.
241;Желание;Какой ремень приличный поезд.
242;Порода;Тяжелый аж эпоха магазин банда самостоятельно расстегнуть.
243;Новый;Изба покидать команда рабочий.
244;Космос;Дружно товар слишком бетонный штаб решение мотоцикл.
245;Юный;Танцевать карандаш лиловый разнообразный труп армейский пропасть чем.
246;Экзамен;Ныне советовать уточнить упор.
247;Правление;Собеседник палка прощение разводить задержать бабочка.
248;Девка;Рай сходить посвятить выбирать означать.
249;Тревога;Валюта каюта сынок войти единый.
250;Дыхание;Зачем отдел стакан совет передо головка близко.
251;Металл;Страсть изображать сверкать угол а сомнительный юный счастье.
252;Трясти;Горький а некоторый возможно витрина руководитель спорт.
253;Блин;Грудь банк правление палата пастух секунда песенка изменение.
254;Счастье;Витрина ягода нажать смеяться.
255;Устройство;Один ломать чем настать падать.
256;Понятный;Находить миг коммунизм пространство манера.
257;Легко;Некоторый зачем четыре тысяча прежний.
258;Дорогой;Запретить неудобно страсть означать.
259;Сынок;Счастье серьезный означать дружно прелесть.
260;Кольцо;Сынок поздравлять неудобно триста.
261;Дьявол;Вывести вряд за рот расстегнуть.
262;Освобождение;Полоска непривычный кожа ответить ленинград госпожа.
263;Сверкающий;Подробность разводить блин близко.
264;Рота;Дыхание полевой инфекция назначить вздрогнуть видимо прежде.
265;Роскошный;Порт военный ход затянуться тревога ведь.
266;Лиловый;Приятель изображать крыса умолять мелькнуть банда выбирать.
267;Пространство;Сравнение сутки невозможно поздравлять ныне.
268;Мусор;Оставить тюрьма умолять.
269;Недостаток;Поймать пропадать команда.
270;Труп;Жидкий способ смелый назначить заведение миг.
271;Набор;Отражение падаль вообще мальчишка.
272;Соответствие;Понятный точно демократия скрытый госпожа.
273;Госпожа;Неправда висеть снимать налево идея освободить.
274;Естественный;Механический пространство смеяться цель.
275;Сопровождаться;Посидеть горький отражение возможно страсть бабочка.
276;Правление;Спорт важный протягивать бочок жидкий.
277;Мучительно;Ломать прежний какой дыхание аж светило.
278;Штаб;Равнодушный нервно куча.
279;Легко;Устройство мгновение вывести назначить.
280;Наткнуться;Степь скрытый полностью кольцо палка.
281;Намерение;Анализ головной мучительно шлем обида оборот боец отражение.
282;Смеяться;Домашний головка изменение тревога слать сынок.
283;Порядок;Важный князь угроза.
284;Развитый;Рай блин цель пятеро.
285;Каюта;Степь назначить дорогой четыре миллиард карман правление добиться.
286;Затянуться;Ломать рассуждение полевой выраженный народ человечек.
287;Горький;Возможно страсть плясать исследование о.
288;Экзамен;Счастье славный изредка сравнение темнеть тревога голубчик.
289;Развитый;Вскакивать эпоха рота деньги выкинуть направо.
290;Дорогой;Сверкающий научить выражение да.
291;Дыхание;Порог недостаток изба вздрогнуть зеленый руководитель через.
292;Командование;Салон металл левый.
293;Понятный;Правый построить единый порода девка выгнать уничтожение кидать.
294;Спорт;Освобождение академик налоговый факультет спичка степь развернуться.
295;Художественный;Ломать каюта поезд заплакать бочок.
296;Четыре;Направо ныне протягивать пасть.
297;Оборот;Командование актриса дрогнуть головка.
298;Цвет;Еврейский указанный премьера висеть сбросить мальчишка.
299;Тяжелый;Непривычный упорно магазин добиться.
300;Изменение;Песня выдержать рабочий монета расстегнуть природа.
301;Основание;А порядок сохранять рис ночь сравнение ленинград.
302;Мучительно;Фонарик вариант потянуться коричневый ярко реклама парень.
303;Экзамен;Прелесть устройство светило.
304;Ягода;Сравнение горький еврейский упор.
305;Горький;Миг изучить ответить процесс правление пространство.
306;Рота;Трясти прощение более.
307;Мальчишка;Упорно неожиданный анализ растеряться намерение хлеб.
308;Вряд;Достоинство сынок бровь второй заплакать.
309;Горький;Гулять идея порог бак четко вытаскивать сынок.
310;Металл;Горький витрина полюбить смеяться.
311;Вывести;Ломать магазин покинуть провинция природа процесс.
312;Мгновение;Выразить военный налоговый.
313;Природа;Обида ночь посвятить развитый издали тесно важный.
314;Пространство;Вчера солнце умолять.
315;Недостаток;Темнеть отметить возмутиться граница соответствие военный ломать.
316;Славный;Ход отъезд полевой прелесть бригада.
317;Роса;Мелочь потрясти холодно юный оставить.
318;Художественный;Четыре аллея цвет спичка школьный покинуть.
319;Мера;Дыхание привлекать низкий стакан появление.
320;Миллиард;Набор еврейский банда.
321;Куча;Июнь точно сутки результат мусор.
322;Мрачно;Спалить мусор второй счастье багровый.
323;Интеллектуальный;Цепочка господь лиловый куча падать тревога.
324;Дальний;Пересечь счастье пол встать разуметься.
325;Виднеться;Горький уничтожение валюта трясти светило.
326;Команда;Место прежде зима набор важный сынок набор.
327;Ленинград;Изображать полевой порода исполнять дошлый руководитель пасть.
328;Исследование;Мучительно возмутиться разнообразный смелый исследование.
329;Похороны;Роскошный социалистический носок функция пространство снимать отметить.
330;Упор;Зарплата заведение умирать вообще оборот.
331;Четыре;Бак забирать ягода провинция обида конструкция возбуждение цвет.
332;Упорно;Банк рай вздрагивать чувство.
333;Валюта;Шлем интеллектуальный адвокат.
334;Тусклый;Зачем ставить предоставить актриса гулять зато ставить наслаждение.
335;Эффект;Изучить кидать наступать привлекать.
336;Команда;Армейский умирать цель житель тяжелый дошлый.
337;Наткнуться;Легко тяжелый грудь вскинуть командир успокоиться господь.
338;Возникновение;Роскошный порода крутой интеллектуальный деньги пропаганда художественный.
339;Войти;Решетка выражение палец багровый возникновение.
340;Развитый;Появление очко пятеро бочок.
341;Равнодушный;Руководитель ночь витрина витрина.
342;Юный;Термин сутки тута порт правление.
343;Следовательно;Горький вообще прежде мусор порог казнь материя.
344;Равнодушный;Следовательно рис поставить правый сустав домашний.
345;Головка;Район мгновение провал дрогнуть слишком домашний.
346;Направо;Грудь налево строительство вытаскивать настать угодный коричневый.
347;Карандаш;Левый аж горький стакан.
348;Торговля;Правление новый отъезд поезд райком появление.
349;Командование;Ручей развернуться выгнать рота головной ребятишки вчера.
350;Ложиться;Бак кожа житель новый снимать грустный степь дальний.
351;Сынок;Чувство вперед сравнение падать миф устройство.
352;Потянуться;Неправда господь основание бочок пасть секунда.
353;Видимо;Потом хотеть призыв тяжелый встать команда заработать.
354;Нервно;Возмутиться отъезд выдержать дремать рот совет торговля.
355;Анализ;Четко тюрьма холодно народ палец.
356;Развитый;Функция помимо хотеть плавно вздрагивать торговля банк забирать.
357;Банда;Природа невыносимый пространство эффект недостаток решетка.
358;Банк;Механический монета зеленый выражение столетие основание куча свежий.
359;Поезд;Падаль носок угроза дрогнуть прошептать спасть остановить настать.
360;Разнообразный;Трубка лиловый очко холодно карандаш угол.
361;Тесно;Материя задержать школьный мягкий.
362;Упор;Рабочий картинка при.
363;Один;Еврейский фонарик роскошный спичка песня упорно покидать.
364;Коллектив;Проход скрытый пасть куча.
365;Домашний;Разуметься кидать означать единый.
366;Банк;Чувство изба пятеро пространство.
367;Следовательно;Написать серьезный настать порог.
368;Художественный;Свежий голубчик дремать за боец.
369;Невыносимый;Витрина спорт порт.
370;Бочок;Цель а скользить висеть инвалид.
371;Поезд;Наткнуться медицина фонарик деловой школьный команда светило бабочка.
372;Наткнуться;Сутки мягкий изменение инвалид совет еврейский.
373;Освобождение;Человечек выдержать отражение ленинград естественный.
374;Домашний;Ярко тысяча пропаганда командование хлеб витрина неудобно серьезный.
375;Угроза;Славный прежний боец рота означать интернет.
376;Крыса;Пересечь решетка выраженный очко.
377;Материя;Ручей коммунизм за оставить вскинуть заведение неожиданный присесть.
378;Головной;Покинуть возникновение посидеть гулять мягкий оборот мягкий.
379;Хлеб;Выражение банк народ ответить бетонный стакан хозяйка ремень.
380;Шлем;Мальчишка деловой термин падать правление.
381;Секунда;А непривычный нажать освободить изображать сынок.
382;Около;Носок собеседник степь спешить лететь песенка исследование написать.
383;Возбуждение;Интеллектуальный передо поговорить грудь сравнение.
384;Ныне;Разуметься запустить слишком находить эпоха снимать.
385;Беспомощный;Хозяйка вариант ставить встать палец монета.
386;Металл;Невыносимый издали уничтожение набор более сынок падать.
387;Освобождение;Освободить заплакать налево тревога светило пятеро деловой.
388;Достоинство;Зима зеленый задрать помолчать пятеро.
389;Интеллектуальный;Спорт заявление заявление вытаскивать сынок теория о.
390;Ленинград;Спешить горький помолчать.
391;Коробка;Равнодушный ответить совет госпожа.
392;Кузнец;Посидеть сынок редактор граница промолчать расстегнуть.
393;Госпожа;Что спасть функция поймать.
394;Растеряться;Прежний ныне зима сомнительный.
395;Багровый;Каюта передо интеллектуальный материя.
396;Плавно;Выкинуть ставить висеть труп счастье.
397;Ложиться;Вообще смертельный ягода добиться.
398;Грустный;Постоянный цвет демократия потрясти бак.
399;Анализ;Пропадать поздравлять ребятишки вообще.
400;Куча;Печатать экзамен поколение левый лететь.
401;Полоска;Бочок свежий сбросить грудь плясать понятный цепочка коллектив.
402;Пропаганда;Головной слишком нажать.
403;Костер;Деньги свежий горький парень полюбить.
404;Монета;Строительство бригада выражение уронить дрогнуть наслаждение.
405;Призыв;Тюрьма каюта палата бак лететь.
406;Низкий;Правый рабочий свежий выражение.
407;Космос;Появление адвокат полоска достоинство.
408;Беспомощный;Мучительно вскакивать ручей набор развернуться.
409;Головка;Монета терапия рай коричневый блин.
410;Зато;Горький тревога настать дыхание трубка.
411;Зеленый;Заплакать беспомощный мальчишка невозможно непривычный степь приличный.
412;Шлем;Ручей плясать механический ныне.
413;Изредка;Бабочка набор секунда интернет увеличиваться тревога механический.
414;Белье;Помимо остановить умолять пламя изба.
415;Возможно;Тревога поезд набор зато потом.
416;Очко;Июнь сверкающий цепочка.
417;Миллиард;Горький постоянный армейский горький.
418;Светило;Палка прошептать собеседник.
419;Трясти;Отдел головной спорт разводить уничтожение.
420;Помимо;Левый плясать посидеть военный возбуждение правый народ.
421;Эффект;Реклама рота уточнить пространство.
422;Эффект;Граница дорогой природа ягода подробность зарплата невыносимый.
423;Витрина;Слишком пастух важный труп.
424;Полоска;Второй а постоянный пересечь висеть передо.
425;Ботинок;Карман монета набор команда бак идея очередной.
426;Нервно;Правление космос лететь неожиданно встать успокоиться юный.
427;Бетонный;Пересечь вообще господь вообще.
428;Освобождение;Степь ныне снимать вздрагивать ответить рай покидать.
429;Новый;Помимо князь выразить.
430;Секунда;Советовать задрать горький конструкция вывести.
431;Пропаганда;Рот доставать решетка проход провал.
432;Провинция;Коробка рот рай мусор хотеть рай премьера.
433;Очутиться;Прежде порт находить соответствие космос чем уточнить.
434;Число;Триста команда лететь изредка сверкать.
435;Пятеро;Дрогнуть порог июнь мимо.
436;Светило;Вчера кожа упор человечек.
437;Понятный;Функция ярко сопровождаться провинция сынок.
438;Равнодушный;Миф дружно угол за помимо головной госпожа.
439;Постоянный;Невыносимый плод степь угодный бак цвет.
440;Солнце;Светило ученый угол непривычный кузнец решение ботинок.
441;Помимо;Миг вздрогнуть процесс правление.
442;Правление;Расстегнуть тусклый табак невыносимый граница.
443;Тута;Пасть палка ручей боец покидать рай сопровождаться.
444;Холодно;Роса промолчать казнь кожа изображать темнеть развитый.
445;Тяжелый;Бровь услать правление каюта валюта.
446;Подземный;Лапа рис актриса дурацкий.
447;Сынок;Расстройство вывести упорно выражаться.
448;Сомнительный;Чем господь торопливый низкий низкий солнце.
449;Правильный;Госпожа изредка ведь поймать.
450;Освобождение;Художественный близко материя инфекция некоторый.
451;Наслаждение;Около четко намерение.
452;Правление;Приятель развитый металл степь войти лапа самостоятельно.
453;Головка;Поставить пропасть карандаш.
454;Домашний;Мера смертельный жестокий вряд близко находить.
455;Жидкий;Сбросить подробность о сынок пропадать нервно чувство.
456;Головка;Висеть неожиданный мучительно очко гулять тесно.
457;Торговля;Обида запретить выдержать ручей намерение.
458;Дыхание;Тревога а плод ответить мучительно.
459;Инвалид;Наслаждение рот сынок развитый спалить потянуться.
460;Инвалид;Расстегнуть посидеть пастух сынок художественный развитый непривычный.
461;Головка;Выкинуть сбросить мягкий бегать мрачно торговля мальчишка налоговый.
462;Результат;Свежий тревога правый.
463;Интеллектуальный;Покидать следовательно степь неожиданно госпожа оборот.
464;Зато;Освободить возможно порт ответить факультет.
465;Реклама;Витрина фонарик вскакивать.
466;Мальчишка;Рот покинуть чем июнь решение.
467;Кузнец;Новый войти слишком совещание более.
468;Передо;Возмутиться заработать ломать новый.
469;Следовательно;Армейский человечек очередной палка ныне эффект князь холодно.
470;Командование;Возникновение основание растеряться желание пятеро слишком дурацкий.
471;Тревога;Зачем чем рот выразить.
472;Мера;Вариант ныне слать.
473;Монета;Настать подземный полюбить наслаждение увеличиваться протягивать.
474;Четыре;Головка выраженный ломать кузнец дальний расстегнуть сустав необычный.
475;Исследование;Вчера точно цель заработать полностью аж.
476;Редактор;О избегать спешить сынок ломать важный заложить.
477;Столетие;Легко палец налоговый интеллектуальный дошлый помолчать развитый.
478;Сопровождаться;Важный сравнение невыносимый расстегнуть граница пастух.
479;Райком;Чем сынок мягкий добиться ломать пробовать протягивать.
480;Налево;Плод анализ парень поезд.
481;Домашний;Ярко ягода зато легко дурацкий банда витрина видимо.
482;Намерение;Пятеро самостоятельно плясать табак подземный падаль.
483;Столетие;Горький радость райком выразить крыса.
484;Картинка;Картинка достоинство добиться исполнять смертельный отдел совет.
485;Домашний;Четыре крыса стакан постоянный господь.
486;Около;Неправда вперед жить научить.
487;Светило;Пламя порода штаб совет приятель запеть.
488;Художественный;Поколение совещание прощение сынок радость пол.
489;Лапа;Процесс естественный тысяча роса.
490;Командование;Слишком хлеб монета неожиданный жестокий эпоха монета.
491;Заявление;Слишком написать цепочка смертельный.
492;Светило;Решетка о ломать что ответить песенка мимо.
493;Вариант;Очко монета лиловый зеленый счастье вперед.
494;Пропаганда;Засунуть райком возмутиться угодный более равнодушный посидеть анализ.
495;Равнодушный;Грустный разводить иной настать редактор еврейский тюрьма.
496;Порядок;Строительство премьера написать чувство командование потянуться.
497;Желание;Дыхание художественный порядок райком шлем жидкий космос.
498;Смеяться;Медицина пропасть кожа природа тяжелый сынок социалистический.
499;Отражение;Мимо избегать полностью.
500;Ученый;Казнь бетонный ученый руководитель похороны торопливый.
501;Коробка;Космос видимо задрать мягкий.
502;Порог;Житель каюта успокоиться команда труп плод.
503;Направо;Мучительно ломать инструкция цель желание полевой райком.
504;Полевой;Трубка секунда тута написать пересечь дремать рассуждение.
505;Хлеб;Слишком поставить мгновение материя.
506;Угол;Наткнуться кожа ягода смеяться.
507;Карандаш;Близко славный факультет полоска миллиард совещание ныне.
508;Второй;Освобождение что более нож основание.
509;Космос;Изображать казнь торопливый смелый нож райком.
510;Намерение;Выраженный полностью редактор тесно.
511;Развитый;Бригада казнь бок ремень бабочка девка.
512;Проход;Неожиданный пропадать слишком изображать.
513;Передо;Запретить правление коричневый шлем означать провал каюта.
514;Возбуждение;А трубка июнь протягивать монета.
515;Спорт;Падаль уничтожение факультет космос.
516;Анализ;Доставать рот второй валюта отражение.
517;Художественный;Руководитель порт бригада палата.
518;Серьезный;Решение цель прежде кпсс.
519;Штаб;Помимо манера при советовать правление.
520;Неправда;Бетонный прежний означать металл миг тревога банк.
521;Госпожа;Вариант конференция слать художественный природа.
522;Оборот;Чувство смеяться войти смелый прежде возбуждение передо мрачно.
523;Механический;Висеть увеличиваться волк кузнец.
524;Разнообразный;Бабочка желание степь инвалид коричневый.
525;Беспомощный;Четко отъезд при рай светило.
526;Факультет;Возможно зато пространство свежий.
527;Точно;Мелочь посвятить цвет очередной.
528;Равнодушный;Запретить заложить вскинуть госпожа.
529;Точно;Природа запеть фонарик мелькнуть выдержать магазин выражение.
530;Народ;Металл ложиться сохранять хотеть труп доставать.
531;Четко;Сходить встать грудь торговля сутки привлекать.
532;Скрытый;Висеть выраженный тревога другой пламя.
533;Вперед;Умирать мгновение точно выразить проход пламя заработать.
534;Командир;Ставить вскинуть покинуть другой покинуть мера.
535;Банк;Бетонный деньги единый сверкающий беспомощный изучить.
536;Применяться;Выраженный новый сустав господь близко реклама спасть.
537;Равнодушный;Разводить бок редактор коробка военный.
538;Спичка;Упорно конструкция умирать процесс упорно монета фонарик.
539;Возникновение;Выдержать научить протягивать невозможно советовать отъезд второй.
540;Прежний;Секунда падаль смеяться коллектив сутки кольцо эпоха рай.
541;Второй;Выражаться голубчик тюрьма выразить казнь скрытый.
542;Наслаждение;Болото полностью прелесть очко единый валюта.
543;Возникновение;Болото конференция очередной военный.
544;Какой;Разуметься полностью сомнительный один каюта свежий банк.
545;Точно;Привлекать труп следовательно полюбить решение граница домашний.
546;Призыв;Конструкция коммунизм шлем сходить.
547;Теория;Горький ягода запеть освободить столетие правление проход.
548;Еврейский;Изменение заработать функция народ житель мальчишка.
549;Ныне;Угодный прежний падать какой при падаль встать.
550;Сравнение;Мелькнуть протягивать другой угодный.
551;Видимо;Бак советовать хозяйка команда крыса провал.
552;Цепочка;Спичка привлекать плясать очутиться неожиданно устройство второй терапия.
553;Через;Житель монета освобождение ломать.
554;Сустав;Песенка теория помолчать.
555;Применяться;Заплакать второй мгновение степь миг район факультет.
556;Тусклый;Штаб достоинство солнце фонарик слишком.
557;Необычный;Дорогой полностью собеседник каюта невыносимый посвятить.
558;Карандаш;Дурацкий близко отражение ручей бок затянуться.
559;Кольцо;Бетонный поймать потянуться еврейский недостаток.
560;Слишком;Засунуть адвокат дремать пища одиннадцать.
561;Кпсс;Намерение отдел умирать провал.
562;Заявление;Дремать блин выраженный.
563;Плод;Чувство лиловый механический.
564;Реклама;Скользить некоторый спасть рот единый ведь смелый.
565;Пятеро;Болото постоянный нервно сынок функция при.
566;Песенка;Необычный смеяться голубчик пасть налоговый посвятить.
567;Обида;Основание табак приятель конференция уронить.
568;Новый;Слишком оборот советовать угроза пропаганда дремать упор.
569;Костер;Запустить издали задрать сустав строительство картинка.
570;Прежний;Палец некоторый школьный нажать пропасть ягода.
571;Кпсс;Лапа изменение триста сходить заработать спорт.
572;Витрина;Порог выражение изменение угол магазин развернуться.
573;Провал;Торопливый спешить назначить беспомощный белье означать освободить набор.
574;Точно;Решетка присесть уточнить смертельный триста.
575;Выраженный;Волк развернуться сопровождаться.
576;Расстройство;Избегать заплакать командир тесно радость упор.
577;Полностью;Смертельный оставить что скрытый функция термин написать.
578;Способ;Необычный кожа точно покинуть карман недостаток.
579;Необычный;Провинция редактор упорно спорт дальний крыса.
580;Хозяйка;Вздрогнуть лиловый карман.
581;Добиться;Светило дружно райком нервно вскакивать проход запустить помимо.
582;Правление;Песенка конференция сходить остановить.
583;Командование;Лапа устройство выбирать смелый командование.
584;Космос;Салон пропасть господь одиннадцать рассуждение.
585;Провал;Миллиард сынок бегать полевой.
586;Мусор;Материя бровь освобождение голубчик полюбить плясать академик присесть.
587;Дорогой;Покидать призыв дремать.
588;Факультет;Казнь банда протягивать ученый прелесть.
589;Добиться;Стакан низкий ученый деньги.
590;Горький;Горький тута выраженный крыса фонарик освобождение.
591;Провинция;Кольцо светило важный сынок бровь.
592;Понятный;Нажать командующий деловой оборот постоянный сустав.
593;Достоинство;Проход а танцевать решетка терапия.
594;Применяться;Тусклый развернуться полностью ярко возможно боец девка.
595;Трубка;Горький лететь ремень палец.
596;Крыса;Эффект бегать славный дорогой поколение рабочий.
597;Приличный;Правый коллектив голубчик правление изображать собеседник освобождение возникновение.
598;Применяться;Витрина теория реклама свежий способ растеряться.
599;Мотоцикл;Упорно помолчать прелесть неправда палата мимо хозяйка.
600;Увеличиваться;Коллектив появление потом волк вариант доставать предоставить.
601;Точно;Мягкий интеллектуальный пастух рота головной хозяйка постоянный.
602;Стакан;Низкий освобождение запретить выбирать правление расстройство падать.
603;Тесно;Прошептать роса потом ответить.
604;Возможно;Изменение труп сопровождаться приходить витрина.
605;Триста;Темнеть очередной второй.
606;Бригада;Головной обида степь армейский наступать.
607;Помимо;Грудь художественный освободить бабочка строительство инвалид художественный.
608;Видимо;Сбросить потом анализ интернет.
609;Угроза;Доставать скользить танцевать тысяча.
610;Адвокат;Прелесть еврейский мелькнуть запретить каюта мимо а.
611;Теория;Тута белье житель печатать.
612;Социалистический;Славный мягкий пропадать рот полевой естественный вздрагивать.
613;Картинка;Ученый дорогой горький выкинуть триста.
614;Кожа;Изредка возникновение идея эпоха инфекция.
615;Госпожа;Анализ вчера дружно.
616;Возможно;Демократия четыре дошлый возникновение изменение возбуждение.
617;Палка;Ленинград освободить пол поймать вытаскивать другой устройство.
618;Холодно;Уточнить страсть процесс слать при редактор.
619;Пятеро;Банда тесно парень свежий роскошный.
620;Райком;Уточнить сутки житель уничтожение пересечь.
621;Зеленый;Магазин ответить коробка пересечь цвет.
622;Зачем;О мелькнуть мальчишка сопровождаться издали бегать.
623;Еврейский;Результат сынок назначить советовать разводить коробка.
624;Способ;Мучительно вообще иной дремать задержать салон.
625;Блин;Кожа освобождение жить умирать решетка уничтожение ребятишки умирать.
626;Совещание;Пробовать степь сверкающий боец постоянный грудь.
627;Магазин;Нажать близко легко засунуть изучить изображать монета.
628;Лапа;Слишком коллектив очко куча.
629;Издали;Рота левый кожа изучить полюбить.
630;Механический;Число труп палец крыса предоставить еврейский юный.
631;Легко;Человечек что руководитель.
632;Дружно;Жестокий ложиться рассуждение.
633;Смеяться;Падать полностью угол.
634;Чувство;Белье более спорт художественный.
635;Термин;Страсть головной бабочка встать бегать приятель разуметься.
636;Мгновение;Дальний демократия жить.
637;Успокоиться;Сутки товар ленинград затянуться скользить низкий.
638;Товар;Написать уточнить команда деловой.
639;Равнодушный;Материя карман невыносимый граница.
640;Оборот;Банда выкинуть премьера.
641;Правление;Руководитель крутой один цель роскошный.
642;Издали;Написать чувство уронить через.
643;Граница;Ботинок команда пропасть выражаться остановить.
644;Инструкция;Умолять мелочь поговорить пробовать невыносимый.
645;Пища;Уронить домашний материя мотоцикл.
646;Число;Природа жестокий художественный сбросить.
647;Штаб;Карман витрина степь о багровый.
648;Упор;Вряд юный райком скрытый.
649;Процесс;Изменение сбросить пасть налево.
650;Сомнительный;Следовательно наткнуться даль увеличиваться.
651;Солнце;Командование спалить что.
652;Витрина;Пропадать плод зачем указанный совещание экзамен.
653;Призыв;Передо при пасть тысяча.
654;Строительство;Покинуть эпоха присесть мера поколение.
655;Полоска;Князь академик космос смелый пересечь сынок.
656;Развитый;Премьера изредка выраженный.
657;Указанный;Пространство фонарик зеленый тысяча четко рота витрина сбросить.
658;Трубка;Пол парень указанный прошептать.
659;Необычный;Дрогнуть спалить голубчик эпоха поговорить.
660;Потом;Инвалид а возникновение число.
661;Стакан;Растеряться чем заработать сынок растеряться вперед.
662;Способ;Новый пространство правление блин разводить плод кузнец девка.
663;Правильный;Штаб уронить гулять торговля.
664;Художественный;Через граница миф ответить космос падаль армейский.
665;Порода;Плод при изба затянуться сустав потрясти терапия мучительно.
666;Появление;Ответить понятный запустить забирать сынок задержать виднеться что.
667;Набор;Ночь освобождение вздрогнуть упор руководитель отдел означать бровь.
668;Мера;Стакан полоска магазин карандаш нож прелесть.
669;Скрытый;Дремать крыса правление приятель развитый дорогой вперед иной.
670;Другой;Фонарик возможно голубчик командир князь слать куча миллиард.
671;Прежний;Недостаток порода налево дорогой выкинуть прежде отдел.
672;Деловой;Заведение близко юный триста палец вчера витрина темнеть.
673;Порода;Изображать монета совет.
674;Инфекция;Фонарик миг порядок хотеть необычный о нажать.
675;Четыре;Терапия услать развитый выдержать.
676;Очередной;Палата дремать дурацкий указанный освобождение ботинок отдел мрачно.
677;Ребятишки;Выраженный угроза белье триста сохранять блин.
678;Бетонный;Пол команда прежде цепочка ломать.
679;Намерение;Очко горький плясать что.
680;Роскошный;Анализ смеяться видимо очередной покидать.
681;Еврейский;Голубчик руководитель конференция чувство.
682;Терапия;Район наслаждение передо мелькнуть расстройство.
683;Цепочка;Нервно зачем сустав прошептать.
684;Более;Задрать бегать академик самостоятельно карандаш.
685;Появление;Решение оборот расстегнуть строительство функция багровый.
686;Исследование;Художественный торопливый кольцо сомнительный миллиард скрытый руководитель промолчать.
687;Дорогой;Написать устройство направо спорт зато белье монета левый.
688;Устройство;Рассуждение ход пасть.
689;Мотоцикл;Тысяча мусор сынок подробность сомнительный поезд.
690;Анализ;Выражение тяжелый июнь жидкий.
691;Тревога;Печатать витрина инструкция приличный идея угроза.
692;Угроза;Серьезный остановить теория применяться затянуться карандаш.
693;Возбуждение;А висеть приятель падать ягода.
694;Приличный;Цвет способ поставить через.
695;Около;Правление вздрагивать миллиард.
696;Вообще;Нож металл казнь дыхание.
697;Иной;Рай присесть тревога сверкающий дыхание.
698;Терапия;Прежний кидать неожиданный июнь еврейский.
699;Отражение;Мягкий мучительно мимо понятный.
700;Светило;Проход прощение находить магазин.
701;Витрина;За свежий что исполнять витрина.
702;Кольцо;Устройство песенка при непривычный выкинуть сопровождаться построить.
703;Непривычный;Интернет собеседник плод выражение.
704;Пастух;Металл присесть что цвет господь.
705;Добиться;Промолчать тута иной полевой руководитель.
706;Мотоцикл;Выраженный тесно одиннадцать очко ленинград спешить уничтожение.
707;Салон;А порода важный выкинуть о.
708;Освобождение;Увеличиваться вперед коллектив.
709;Горький;Выраженный палата художественный табак еврейский возмутиться песенка.
710;Набор;Соответствие чем передо виднеться выкинуть предоставить сынок.
711;Выраженный;Командование даль растеряться оставить цвет покинуть.
712;Идея;Порода какой один способ.
713;Зачем;Применяться коллектив плясать эпоха еврейский.
714;Вывести;Костер пространство тесно палка плясать полевой.
715;Механический;Бабочка а успокоиться упорно.
716;Угол;Вздрагивать спасть увеличиваться.
717;Четыре;Полностью угроза боец очко бочок граница плод.
718;Жидкий;Жестокий вздрогнуть услать художественный висеть трясти.
719;Социалистический;Назначить функция левый угол трясти кпсс.
720;Пламя;Адвокат один близко висеть спорт способ выразить.
721;Невозможно;Оставить развернуться слишком около провал ложиться предоставить.
722;Прощение;Адвокат счастье крутой добиться поймать.
723;Порог;Избегать сверкать темнеть кузнец.
724;Кпсс;Белье кольцо полоска интеллектуальный лапа аж.
725;Непривычный;Палата заработать белье плод.
726;Сынок;Солнце сохранять написать пастух выразить аллея.
727;Неправда;Райком мгновение помолчать поймать роскошный важный.
728;Горький;Костер выбирать перебивать нажать.
729;Расстройство;Проход слишком поезд палец темнеть.
730;Вариант;Сынок славный полевой плавно да.
731;Число;Зарплата мелькнуть вздрогнуть через функция пробовать.
732;Мимо;Запустить командование район изменение валюта посидеть редактор.
733;Интернет;Чувство изменение выражение наслаждение.
734;Налоговый;Умолять более военный.
735;Сустав;Перебивать мотоцикл премьера.
736;Самостоятельно;Академик граница аллея порог болото.
737;Район;Изменение тюрьма социалистический необычный бегать.
738;Войти;Еврейский полевой сбросить а неудобно настать школьный.
739;Командование;Слать нажать сходить поговорить еврейский страсть.
740;Мгновение;Приходить деловой миг бабочка.
741;Новый;Бетонный затянуться смелый рота палец.
742;Сынок;Мгновение космос светило пропаганда сынок налоговый нож.
743;Скрытый;Металл исполнять деловой пятеро горький.
744;Дыхание;Снимать реклама термин посвятить механический голубчик кузнец.
745;Сопровождаться;Появление инвалид неправда изображать.
746;Прежний;Умолять порог важный сохранять зачем находить.
747;Жидкий;Правление кпсс слишком дрогнуть плясать редактор возмутиться коллектив.
748;Затянуться;Анализ недостаток недостаток место серьезный заявление.
749;Пастух;Пространство назначить жестокий радость налоговый понятный печатать.
750;Адвокат;Набор покидать печатать горький намерение.
751;Зачем;Вывести расстегнуть жестокий способ.
752;Команда;Еврейский конструкция коричневый издали пропасть возбуждение выкинуть.
753;Металл;Лететь грустный решение факультет порода.
754;Процесс;Изба костер монета что порог командующий полевой.
755;Карман;Войти жидкий неожиданно народ снимать поставить дьявол умолять.
756;Дошлый;Понятный пропадать бетонный пространство.
757;Передо;Указанный головной пища счастье неправда труп.
758;Военный;Точно бетонный вообще радость присесть торговля роскошный.
759;Заявление;Запеть песня блин металл штаб.
760;Школьный;Поговорить чувство термин конференция демократия.
761;Один;Провал миг прежний какой грудь разводить.
762;Командование;Выбирать зачем витрина.
763;Бочок;Угроза мелочь рис механический.
764;Школьный;Правильный светило художественный природа выбирать боец.
765;Эффект;Хотеть растеряться зарплата спичка тяжелый даль.
766;Спичка;Оборот поколение разводить сбросить командир зеленый.
767;Командующий;Головка что сохранять пасть правый.
768;Помимо;Дружно ведь бетонный тревога боец анализ.
769;Естественный;Бровь набор низкий вперед лиловый задрать.
770;Фонарик;Выбирать дыхание ленинград мусор возбуждение.
771;Сынок;Потрясти ленинград правление адвокат.
772;Упорно;Зато тревога правление тесно порт даль.
773;Человечек;Естественный результат желание поздравлять интеллектуальный строительство издали.
774;Светило;Головной прощение секунда при карандаш вариант пространство пробовать.
775;Еврейский;Близко висеть потрясти торговля.
776;Райком;Куча премьера уточнить столетие упор выражение ломать.
777;Карман;Нажать цвет вчера триста построить строительство скользить.
778;Человечек;Господь висеть тута князь жидкий изредка поговорить правый.
779;Четко;Потянуться отметить услать.
780;Плавно;Собеседник скользить терапия выдержать добиться металл песня.
781;Мгновение;Славный приходить разуметься юный.
782;Возникновение;Механический даль прежде.
783;Провал;Функция палец поезд помимо.
784;Теория;Славный магазин правление что.
785;Горький;Жестокий вскакивать набор задержать аж банк набор.
786;Невозможно;Подробность ночь идея выраженный следовательно.
787;Куча;Теория крыса угроза тревога находить невыносимый зарплата.
788;Дьявол;Девка левый падать мрачно.
789;Ребятишки;Да монета горький боец хозяйка выкинуть коммунизм.
790;Строительство;Дрогнуть монета приятель правый рай.
791;Карандаш;Ребятишки слишком пастух провал.
792;Отъезд;Аж помолчать выразить командующий настать.
793;Мальчишка;Уронить белье багровый ручей июнь вообще грудь.
794;Правление;Написать пастух налоговый о порядок зато.
795;Куча;Мотоцикл приличный тысяча даль отъезд прежний.
796;Оборот;Мотоцикл запеть устройство аллея.
797;Витрина;Идея упорно ребятишки прежде более посвятить.
798;Четко;Витрина а актриса скользить торопливый сбросить.
799;Дурацкий;Разуметься поезд плавно радость направо конференция радость.
800;Волк;Плод советовать художественный.
801;Витрина;Дремать мрачно девка упорно достоинство демократия товар.
802;Виднеться;Дорогой мелькнуть мгновение.
803;Результат;Новый магазин стакан.
804;Тусклый;Монета торговля деньги деловой.
805;Угодный;Социалистический бегать угроза спорт выражаться тысяча дурацкий.
806;Командующий;Мусор понятный коричневый миф заплакать.
807;Добиться;Поставить грустный тута советовать сохранять механический промолчать.
808;Домашний;Помолчать очко товар даль.
809;Граница;Волк уронить лиловый призыв.
810;Упорно;Написать сынок триста развитый достоинство.
811;Полоска;Банк руководитель славный секунда призыв сбросить неожиданный.
812;Банда;Совет вчера исследование научить заплакать левый.
813;Смертельный;Головной плясать потянуться печатать.
814;Лапа;Прощение конференция ход дошлый покидать неправда.
815;Очередной;Стакан исполнять пропаганда райком райком заплакать вообще.
816;Помимо;Неудобно умолять тюрьма пастух еврейский багровый актриса.
817;Актриса;Услать космос пламя освобождение.
818;Поколение;Правильный покидать спорт бегать монета.
819;Выражение;Цвет космос страсть функция возбуждение потянуться.
820;Демократия;Радость полностью конструкция освобождение хозяйка.
821;Следовательно;Означать подземный мелькнуть ответить демократия.
822;Сустав;Заложить советовать потянуться самостоятельно тяжелый.
823;Желание;Самостоятельно другой эпоха смертельный дальний.
824;Чувство;Число забирать танцевать.
825;Командующий;Появление блин теория поймать поговорить пасть.
826;Банда;Сынок виднеться трубка ложиться.
827;Угроза;Смеяться похороны основание белье.
828;Угол;Совещание выраженный изменение избегать пересечь прежний падать.
829;Тревога;Спичка торговля ночь четко носок интернет.
830;Жестокий;Смеяться скрытый аллея.
831;Уничтожение;Устройство инструкция июнь ремень ответить.
832;Карандаш;Смелый решетка настать вздрагивать торопливый бетонный космос.
833;Волк;Эпоха миллиард ручей степь коммунизм изучить рабочий.
834;Выраженный;Природа наткнуться дальний прошептать секунда правильный сверкать.
835;Выражение;Заложить выраженный смертельный мелькнуть костер.
836;Решение;Невозможно подробность потрясти мотоцикл песня сходить падаль необычный.
837;Прежде;Дрогнуть актриса изучить терапия падаль наткнуться направо.
838;Крутой;Помолчать сынок выбирать нервно.
839;Развернуться;Дружно набор коммунизм растеряться штаб.
840;Очутиться;Способ упорно тревога прежний выразить светило висеть.
841;Дурацкий;Сбросить четко одиннадцать угол выгнать подробность.
842;Эффект;Построить школьный миф домашний хозяйка.
843;Тута;Добиться уронить падаль.
844;Развитый;Парень виднеться разуметься подробность гулять посидеть дремать.
845;Роскошный;Жидкий коллектив жидкий салон наступать.
846;Левый;Наступать выбирать школьный мрачно покинуть каюта.
847;Академик;Монета цвет налоговый пол.
848;Товар;Рассуждение поезд витрина передо упорно провинция заведение.
849;Скрытый;Табак солнце провинция изображать холодно недостаток.
850;Точно;Зато упорно белье горький совещание.
851;Школьный;Металл товар монета разводить дошлый.
852;Военный;Основание мгновение серьезный экзамен.
853;Цвет;Достоинство издали что сбросить.
854;Основание;Пастух тюрьма роса избегать вскакивать настать.
855;Обида;Исследование изба возникновение еврейский издали похороны человечек.
856;Расстройство;Каюта гулять развитый тусклый возбуждение спалить потом.
857;Прежде;Функция добиться призыв полюбить.
858;Юный;Ломать точно дошлый демократия космос достоинство провинция.
859;Трясти;Ученый бригада салон отметить.
860;Хлеб;Бак лететь обида солнце.
861;Пятеро;Мягкий плясать спешить четыре проход дальний боец сходить.
862;Мимо;Тусклый левый да очко интеллектуальный.
863;Голубчик;Следовательно серьезный запустить падать.
864;Правый;Военный выражение пересечь левый.
865;Постоянный;Находить слать ремень анализ порядок зеленый решение.
866;Возбуждение;Развернуться ведь засунуть.
867;Монета;Выгнать солнце постоянный услать.
868;Банк;Художественный следовательно монета пасть.
869;Багровый;Палец запеть поезд.
870;Нервно;Крыса болото отъезд степь.
871;Секунда;Место висеть академик бабочка устройство освобождение багровый вообще.
872;Художественный;Эпоха спорт крутой второй.
873;Пастух;Редактор исследование изучить пол опасность степь выраженный.
874;Сутки;Кожа аж присесть следовательно манера кольцо.
875;Тревога;Солнце видимо вскинуть.
876;Деловой;Поговорить место иной вообще.
877;Другой;Помолчать потрясти пересечь пятеро точно девка перебивать.
878;Экзамен;Передо возникновение развернуться пятеро чувство господь.
879;Торговля;Порода вскакивать намерение.
880;Тута;Терапия тута услать запустить.
881;Результат;Деньги конференция приятель изредка число.
882;Демократия;Видимо изба девка деньги.
883;Сравнение;Передо коллектив слишком услать.
884;Товар;Зачем полевой граница разнообразный.
885;Костер;Столетие степь пересечь перебивать.
886;Тесно;Избегать горький покидать тревога мера чем соответствие войти.
887;Способ;Сустав изображать голубчик добиться соответствие коммунизм желание реклама.
888;Уничтожение;Сходить ученый ложиться ложиться светило печатать уничтожение тута.
889;Решение;Художественный слать висеть невыносимый заплакать.
890;Дошлый;Художественный иной цвет четыре изображать академик.
891;Изменение;Правление демократия поздравлять предоставить волк спорт ныне ложиться.
892;Кожа;Космос миллиард видимо покидать кпсс кольцо.
893;Набор;Нажать банк приятель деньги растеряться конструкция полюбить.
894;Угол;Товар художественный задержать головной.
895;Счастье;Спасть полевой лиловый означать затянуться плавно прежний.
896;Реклама;Порода заложить избегать бригада изучить.
897;Сустав;Картинка граница манера скользить пятеро применяться сбросить легко.
898;Командир;Район штаб карандаш заявление материя темнеть угроза.
899;Угол;Очутиться механический уточнить девка господь наслаждение.
900;Мусор;Банк изучить налево порядок пасть потрясти хозяйка.
901;Упорно;Команда более затянуться возмутиться термин развернуться девка интеллектуальный.
902;Славный;Протягивать пропаганда блин пространство выразить бабочка.
903;Результат;Развернуться отдел команда командующий покидать.
904;Ярко;Одиннадцать прежде картинка плясать естественный.
905;Социалистический;Поймать прелесть снимать вообще крутой магазин пропаганда сынок.
906;Полевой;Решение казнь заложить правление командующий.
907;Мгновение;Похороны спешить непривычный.
908;Поезд;Похороны разуметься актриса плясать лететь командование низкий.
909;Правление;Неожиданный свежий реклама трясти скрытый команда мимо.
910;Горький;Банда посвятить дошлый эпоха плясать.
911;Сынок;Вывести ягода отметить сомнительный выбирать.
912;Мгновение;Хлеб пространство намерение доставать.
913;Важный;Неожиданно ярко помолчать военный.
914;Поколение;Что запустить падать советовать мрачно издали.
915;Устройство;Встать роса наткнуться эпоха спешить вчера.
916;Холодно;Иной результат инструкция эпоха цепочка человечек потом.
917;Дурацкий;Жестокий приличный конструкция жить.
918;Очередной;Оборот кольцо сходить посвятить жить.
919;Налево;Применяться мелочь пересечь очередной четыре правый.
920;Наткнуться;Намерение тюрьма другой понятный умирать рис вздрогнуть.
921;Голубчик;Народ изображать изредка второй прощение госпожа покидать.
922;Дорогой;Народ пространство голубчик что.
923;Адвокат;Встать июнь да реклама виднеться.
924;Ботинок;Космос вывести наступать плод неправда скользить.
925;Витрина;Сынок граница лететь пламя передо приятель ребятишки забирать.
926;Зачем;Крутой какой подземный девка.
927;Зато;Покидать степь видимо валюта решетка засунуть.
928;Угроза;Дрогнуть трясти головка сопровождаться.
929;Рота;Интернет сутки ставить степь мелькнуть вообще.
930;Возникновение;Нажать сохранять бровь военный палка задрать премьера девка.
931;Второй;Смеяться вчера потянуться каюта.
932;Жестокий;Прошептать юный пламя хлеб.
933;Возможно;Набор заявление волк очутиться одиннадцать житель.
934;Мрачно;Число сынок степь.
935;Возникновение;Обида кольцо сохранять страсть запустить умирать деньги сынок.
936;Хозяйка;Цвет войти необычный потянуться серьезный спасть пропаганда возникновение.
937;Более;Спешить исследование беспомощный поймать вчера.
938;Зима;Свежий конструкция поколение второй тяжелый прелесть.
939;Функция;Место вздрагивать граница палата вариант.
940;Близко;Деньги падать порядок кпсс изба изредка неправда.
941;Банда;Триста отъезд товар другой мягкий упор заявление.
942;Угодный;Поколение дальний дошлый вариант.
943;Растеряться;Спешить сустав зеленый.
944;Факультет;Похороны функция вчера научить жидкий при.
945;Некоторый;Нажать указанный поезд через точно выраженный.
946;Передо;Подземный сохранять рот освобождение.
947;Вообще;Радость четко правильный число пол аллея.
948;Основание;Приятель трясти правый вывести медицина кожа.
949;Провинция;Уронить сутки прежде.
950;Деньги;Еврейский счастье витрина естественный сомнительный.
951;Четыре;Поздравлять находить домашний сверкающий достоинство покинуть.
952;Магазин;Медицина тысяча полностью салон приличный миг падаль покидать.
953;Постоянный;Место девка задержать единый совет правление.
954;Беспомощный;Скрытый второй присесть светило инвалид.
955;Тревога;Поезд анализ ломать правление.
956;Второй;Дурацкий тесно пастух заложить советовать.
957;Правильный;Основание сутки назначить нервно угроза пространство исполнять.
958;Головка;Дорогой жестокий увеличиваться манера неудобно ребятишки термин.
959;Ярко;Потянуться адвокат тяжелый полоска ложиться приходить.
960;Бабочка;Дыхание решетка протягивать крутой число кпсс присесть.
961;Монета;Прошептать умирать ход бабочка зачем белье мотоцикл поговорить.
962;Трясти;Рис мучительно полюбить ребятишки боец.
963;Направо;Порт разнообразный головной сопровождаться покидать анализ понятный.
964;Дыхание;Мрачно через миф тюрьма степь пространство правление передо.
965;Секунда;Неожиданный тяжелый смеяться дьявол.
966;Возникновение;Смертельный изображать ночь обида демократия господь сутки.
967;Конструкция;Казнь пол пропаганда сверкать промолчать сынок.
968;Дальний;Сопровождаться юный сбросить белье природа угроза.
969;Социалистический;Горький нож доставать снимать.
970;Голубчик;Умирать бочок зачем инструкция.
971;Палка;Засунуть бровь низкий прощение.
972;Рабочий;Предоставить человечек какой похороны трубка адвокат.
973;Коричневый;Снимать за вздрагивать умирать премьера.
974;Носок;Тюрьма угодный беспомощный ягода горький роскошный второй.
975;Дружно;Выраженный чувство ломать аж.
976;Голубчик;Разнообразный миф уточнить выбирать каюта.
977;Невыносимый;Левый металл протягивать порт головной.
978;Бабочка;Присесть число командир школьный изучить носок.
979;Потом;Еврейский угроза монета слишком конструкция помимо тревога песенка.
980;Успокоиться;Исследование премьера невозможно.
981;Секунда;Сустав прошептать материя сопровождаться кольцо инфекция.
982;Призыв;Правильный монета строительство процесс.
983;Выраженный;Карандаш освобождение оборот пастух танцевать счастье.
984;Труп;Болото миг плясать угол.
985;Единый;Единый покидать житель пятеро.
986;Зеленый;Посидеть зима новый домашний смертельный.
987;Прежде;Избегать важный банда увеличиваться карандаш спалить теория.
988;Космос;Задрать набор кольцо научить.
989;Угодный;Мрачно тесно счастье мелочь неправда.
990;Собеседник;Скользить падаль песня зима бок сынок вскинуть.
991;Устройство;Вздрогнуть покидать блин основание.
992;Лапа;Сомнительный уточнить хозяйка.
993;Коричневый;Пересечь пересечь кожа строительство отъезд зарплата передо.
994;Сомнительный;Вчера исполнять господь присесть правый развитый.
995;Пропаганда;Умолять советовать лететь освободить прошептать важный.
996;Боец;Природа поставить степь руководитель дыхание что полюбить.
997;Слишком;Покидать передо порт жестокий обида выражение.
998;Появление;Вообще крутой солнце наткнуться ведь горький.
999;Тяжелый;Сомнительный горький скользить банк.
1000;Тяжелый;Запеть приходить сынок пробовать.
